2025 vs 2026 4K tvs,TV Features,TV Features__Resolution,TV Features__Resolution__4K,TV Reviews & Brand,TV Reviews & Brand__Comparison,TV Reviews & Brand__Year Reviews,TV Reviews & Brand__Year Reviews__2025,TV Reviews & Brand__Year Reviews__2026
2025 vs 2026 OLED tvs,TV Models,TV Models__OLED,TV Reviews & Brand,TV Reviews & Brand__Comparison,TV Reviews & Brand__Year Reviews,TV Reviews & Brand__Year Reviews__2025,TV Reviews & Brand__Year Reviews__2026
32 inch tv for bedroom,TV Sizes,TV Sizes__Small Size
32 inch tv recommendations,TV Reviews & Brand,TV Reviews & Brand__Best Of,TV Sizes,TV Sizes__Small Size
43 inch tv recommendations,TV Reviews & Brand,TV Reviews & Brand__Best Of,TV Sizes,TV Sizes__Small Size
4K AI upscaling tv,TV Features,TV Features__AI,TV Features__Resolution,TV Features__Resolution__4K
4K upscaling explained,TV Features,TV Features__Resolution,TV Features__Resolution__4K
50 inch tv recommendations,TV Reviews & Brand,TV Reviews & Brand__Best Of,TV Sizes,TV Sizes__Small Size
55 inch tv reviews,TV Reviews & Brand,TV Reviews & Brand__Buying Guides,TV Sizes,TV Sizes__Medium Size
55 inch vs 65 inch tvs,TV Reviews & Brand,TV Reviews & Brand__Comparison,TV Sizes,TV Sizes__Medium Size
65 inch tv reviews,TV Reviews & Brand,TV Reviews & Brand__Buying Guides,TV Sizes,TV Sizes__Medium Size
65 inch vs 75 inch tvs,TV Reviews & Brand,TV Reviews & Brand__Comparison,TV Sizes,TV Sizes__Large Size,TV Sizes__Medium Size
75 inch QLED tv reviews,TV Reviews & Brand,TV Reviews & Brand__Buying Guides,TV Sizes,TV Sizes__Large Size,TV Models,TV Models__QLED
75 inch tv refresh rate for sports,TV Sizes,TV Sizes__Large Size,TV Models,TV Models__Sports TVs,TV Features,TV Features__Refresh Rate
75 inch tv reviews,TV Reviews & Brand,TV Reviews & Brand__Buying Guides,TV Sizes,TV Sizes__Large Size
75 inch TV vs 85 inch TV,TV Reviews & Brand,TV Reviews & Brand__Comparison,TV Sizes,TV Sizes__Large Size
85 inch tv for gaming,TV Sizes,TV Sizes__Large Size,TV Models,TV Models__Gaming TVs
85 inch tv reviews,TV Reviews & Brand,TV Reviews & Brand__Buying Guides,TV Sizes,TV Sizes__Large Size
98 inch tv price,TV Sizes,TV Sizes__Super Size
98 inch tv reviews,TV Reviews & Brand,TV Reviews & Brand__Buying Guides,TV Sizes,TV Sizes__Super Size
advantages and disadvantages of OLED tvs,TV Models,TV Models__OLED
affordable 32 inch tv,TV Reviews & Brand,TV Reviews & Brand__Affordable,TV Sizes,TV Sizes__Small Size
affordable 50 inch tv,TV Reviews & Brand,TV Reviews & Brand__Affordable,TV Sizes,TV Sizes__Small Size
affordable tv for sports 2026,TV Features,TV Models,TV Models__Sports TVs,TV Reviews & Brand,TV Reviews & Brand__Affordable,TV Reviews & Brand__Year Reviews,TV Reviews & Brand__Year Reviews__2026
AI smart tv,TV Features,TV Features__AI,TV Models,TV Models__Smart TV
AI tv,TV Features,TV Features__AI
AI upscaling tv,TV Features,TV Features__AI,TV Features__Resolution
ALLM feature on gaming tvs,TV Features,TV Features__Input Lag,TV Models,TV Models__Gaming TVs
anti-glare tv for bright room sports,TV Features,TV Features__Brightness,TV Features__Anti-Glare,TV Models,TV Models__Sports TVs
anti-reflective coating for tv screens explained,TV Features,TV Features__Anti-Glare
are glossy screens more vibrant,TV Features,TV Features__Anti-Glare
are Mini-LED tvs good for sports,TV Models,TV Models__Mini-LED,TV Models__Sports TVs
are QLED tvs good for sports,TV Models,TV Models__QLED,TV Models__Sports TVs
benefits of Micro RGB tv,TV Models,TV Models__Micro RGB
best 4K tv for sports 2026,TV Features,TV Features__Resolution,TV Features__Resolution__4K,TV Models,TV Models__Sports TVs,TV Reviews & Brand,TV Reviews & Brand__Best Of,TV Reviews & Brand__Year Reviews,TV Reviews & Brand__Year Reviews__2026
best 55 inch QLED tv,TV Reviews & Brand,TV Reviews & Brand__Best Of,TV Sizes,TV Sizes__Medium Size,TV Models,TV Models__QLED
best 55 inch tv,TV Reviews & Brand,TV Reviews & Brand__Best Of,TV Sizes,TV Sizes__Medium Size
best 55 inch tv 2025,TV Reviews & Brand,TV Reviews & Brand__Best Of,TV Reviews & Brand__Year Reviews,TV Reviews & Brand__Year Reviews__2025,TV Sizes,TV Sizes__Medium Size
best 55 inch tv 2026,TV Reviews & Brand,TV Reviews & Brand__Best Of,TV Reviews & Brand__Year Reviews,TV Reviews & Brand__Year Reviews__2026,TV Sizes,TV Sizes__Medium Size
best 55 inch tv deals,TV Reviews & Brand,TV Reviews & Brand__Best Of,TV Reviews & Brand__Deals,TV Sizes,TV Sizes__Medium Size
best 65 inch QLED tv,TV Reviews & Brand,TV Reviews & Brand__Best Of,TV Sizes,TV Sizes__Medium Size,TV Models,TV Models__QLED
best 65 inch tv 2025,TV Reviews & Brand,TV Reviews & Brand__Best Of,TV Reviews & Brand__Year Reviews,TV Reviews & Brand__Year Reviews__2025,TV Sizes,TV Sizes__Medium Size
best 65 inch tv 2026,TV Reviews & Brand,TV Reviews & Brand__Best Of,TV Reviews & Brand__Year Reviews,TV Reviews & Brand__Year Reviews__2026,TV Sizes,TV Sizes__Medium Size
best 65 inch tv for sports,TV Reviews & Brand,TV Reviews & Brand__Best Of,TV Sizes,TV Sizes__Medium Size,TV Models,TV Models__Sports TVs
best 65 inch tv for sports 2025,TV Reviews & Brand,TV Reviews & Brand__Best Of,TV Reviews & Brand__Year Reviews,TV Reviews & Brand__Year Reviews__2025,TV Sizes,TV Sizes__Medium Size,TV Models,TV Models__Sports TVs
best 65 inch tv for sports 2026,TV Features,TV Models,TV Models__Sports TVs,TV Reviews & Brand,TV Reviews & Brand__Best Of,TV Reviews & Brand__Year Reviews,TV Reviews & Brand__Year Reviews__2026,TV Sizes,TV Sizes__Medium Size
best 65 inch tv under $1000,TV Reviews & Brand,TV Reviews & Brand__Best Of,TV Reviews & Brand__Deals,TV Sizes,TV Sizes__Medium Size
best 75 inch QLED tv,TV Reviews & Brand,TV Reviews & Brand__Best Of,TV Sizes,TV Sizes__Large Size,TV Models,TV Models__QLED
best 75 inch tv,TV Reviews & Brand,TV Reviews & Brand__Best Of,TV Sizes,TV Sizes__Large Size
best 75 inch tv 2025,TV Reviews & Brand,TV Reviews & Brand__Best Of,TV Reviews & Brand__Year Reviews,TV Reviews & Brand__Year Reviews__2025,TV Sizes,TV Sizes__Large Size
best 75 inch tv 2026,TV Reviews & Brand,TV Reviews & Brand__Best Of,TV Reviews & Brand__Year Reviews,TV Reviews & Brand__Year Reviews__2026,TV Sizes,TV Sizes__Large Size
best 75 inch tv for bright room,TV Reviews & Brand,TV Reviews & Brand__Best Of,TV Sizes,TV Sizes__Large Size,TV Features,TV Features__Brightness,TV Features__Anti-Glare
best 75 inch tv for gaming,TV Reviews & Brand,TV Reviews & Brand__Best Of,TV Sizes,TV Sizes__Large Size,TV Models,TV Models__Gaming TVs
best 75 inch tv for sports,TV Reviews & Brand,TV Reviews & Brand__Best Of,TV Sizes,TV Sizes__Large Size,TV Models,TV Models__Sports TVs
best 75 inch tv for sports 2025,TV Reviews & Brand,TV Reviews & Brand__Best Of,TV Reviews & Brand__Year Reviews,TV Reviews & Brand__Year Reviews__2025,TV Sizes,TV Sizes__Large Size,TV Models,TV Models__Sports TVs
best 75 inch tv for sports 2026,TV Features,TV Models,TV Models__Sports TVs,TV Reviews & Brand,TV Reviews & Brand__Best Of,TV Reviews & Brand__Year Reviews,TV Reviews & Brand__Year Reviews__2026,TV Sizes,TV Sizes__Large Size
best 75 inch tv under $1500,TV Reviews & Brand,TV Reviews & Brand__Best Of,TV Reviews & Brand__Deals,TV Sizes,TV Sizes__Large Size
best 85 inch tv,TV Reviews & Brand,TV Reviews & Brand__Best Of,TV Sizes,TV Sizes__Large Size
best 85 inch tv 2025,TV Reviews & Brand,TV Reviews & Brand__Best Of,TV Reviews & Brand__Year Reviews,TV Reviews & Brand__Year Reviews__2025,TV Sizes,TV Sizes__Large Size
best 85 inch tv 2026,TV Reviews & Brand,TV Reviews & Brand__Best Of,TV Reviews & Brand__Year Reviews,TV Reviews & Brand__Year Reviews__2026,TV Sizes,TV Sizes__Large Size
best 85 inch tv for bright room,TV Reviews & Brand,TV Reviews & Brand__Best Of,TV Sizes,TV Sizes__Large Size,TV Features,TV Features__Brightness,TV Features__Anti-Glare
best 85 inch tv for sports,TV Reviews & Brand,TV Reviews & Brand__Best Of,TV Sizes,TV Sizes__Large Size,TV Models,TV Models__Sports TVs
best 8K tvs 2026,TV Features,TV Features__Resolution,TV Features__Resolution__8K,TV Reviews & Brand,TV Reviews & Brand__Best Of,TV Reviews & Brand__Year Reviews,TV Reviews & Brand__Year Reviews__2026
best anti-glare tv 2026,TV Features,TV Features__Anti-Glare,TV Reviews & Brand,TV Reviews & Brand__Best Of,TV Reviews & Brand__Year Reviews,TV Reviews & Brand__Year Reviews__2026
best budget tv,TV Reviews & Brand,TV Reviews & Brand__Best Of,TV Reviews & Brand__Affordable
best gaming tv 2026,TV Models,TV Models__Gaming TVs,TV Reviews & Brand,TV Reviews & Brand__Best Of,TV Reviews & Brand__Year Reviews,TV Reviews & Brand__Year Reviews__2026
best large screen tv for sports 2026,TV Features,TV Models,TV Models__Sports TVs,TV Reviews & Brand,TV Reviews & Brand__Best Of,TV Reviews & Brand__Year Reviews,TV Reviews & Brand__Year Reviews__2026,TV Sizes
best large screen tvs 2026,TV Reviews & Brand,TV Reviews & Brand__Best Of,TV Reviews & Brand__Year Reviews,TV Reviews & Brand__Year Reviews__2026,TV Sizes
best LED tvs 2026,TV Reviews & Brand,TV Reviews & Brand__Best Of,TV Reviews & Brand__Year Reviews,TV Reviews & Brand__Year Reviews__2026
best Micro RGB tvs 2025,TV Models,TV Models__Micro RGB,TV Reviews & Brand,TV Reviews & Brand__Best Of,TV Reviews & Brand__Year Reviews,TV Reviews & Brand__Year Reviews__2025
best Micro RGB tvs 2026,TV Models,TV Models__Micro RGB,TV Reviews & Brand,TV Reviews & Brand__Best Of,TV Reviews & Brand__Year Reviews,TV Reviews & Brand__Year Reviews__2026
best OLED tv 2026,TV Models,TV Models__OLED,TV Reviews & Brand,TV Reviews & Brand__Best Of,TV Reviews & Brand__Year Reviews,TV Reviews & Brand__Year Reviews__2026
best outdoor tv 2026,TV Models,TV Models__Outdoor TV,TV Reviews & Brand,TV Reviews & Brand__Best Of,TV Reviews & Brand__Year Reviews,TV Reviews & Brand__Year Reviews__2026
best QLED tvs 2026,TV Models,TV Models__QLED,TV Reviews & Brand,TV Reviews & Brand__Best Of,TV Reviews & Brand__Year Reviews,TV Reviews & Brand__Year Reviews__2026
best Samsung tv 2025,TV Reviews & Brand,TV Reviews & Brand__Best Of,TV Reviews & Brand__Brand,TV Reviews & Brand__Year Reviews,TV Reviews & Brand__Year Reviews__2025
best Samsung tv 2026,TV Reviews & Brand,TV Reviews & Brand__Best Of,TV Reviews & Brand__Brand,TV Reviews & Brand__Year Reviews,TV Reviews & Brand__Year Reviews__2026
best Samsung tvs 2026,TV Reviews & Brand,TV Reviews & Brand__Best Of,TV Reviews & Brand__Brand,TV Reviews & Brand__Year Reviews,TV Reviews & Brand__Year Reviews__2026
best screen size for small living room,TV Reviews & Brand,TV Reviews & Brand__Best Of,TV Sizes
best smart tvs 2026,TV Features,TV Models,TV Models__Smart TV,TV Reviews & Brand,TV Reviews & Brand__Best Of,TV Reviews & Brand__Year Reviews,TV Reviews & Brand__Year Reviews__2026
best tv 2026,TV Reviews & Brand,TV Reviews & Brand__Best Of,TV Reviews & Brand__Year Reviews,TV Reviews & Brand__Year Reviews__2026
best tv brands 2026,TV Reviews & Brand,TV Reviews & Brand__Best Of,TV Reviews & Brand__Year Reviews,TV Reviews & Brand__Year Reviews__2026
best tv brands for longevity,TV Reviews & Brand,TV Reviews & Brand__Best Of
best tv brands ranked,TV Reviews & Brand,TV Reviews & Brand__Best Of
best tv for american football 2026,TV Models,TV Models__Sports TVs,TV Reviews & Brand,TV Reviews & Brand__Best Of,TV Reviews & Brand__Year Reviews,TV Reviews & Brand__Year Reviews__2026
best tv for bedroom,TV Reviews & Brand,TV Reviews & Brand__Best Of
best tv for casual gaming,TV Reviews & Brand,TV Reviews & Brand__Best Of,TV Models,TV Models__Gaming TVs
best tv for fast paced sports 2026,TV Features,TV Models,TV Models__Sports TVs,TV Reviews & Brand,TV Reviews & Brand__Best Of,TV Reviews & Brand__Year Reviews,TV Reviews & Brand__Year Reviews__2026
best tv for general use,TV Reviews & Brand,TV Reviews & Brand__Best Of
best tv for hockey 2026,TV Models,TV Models__Sports TVs,TV Reviews & Brand,TV Reviews & Brand__Best Of,TV Reviews & Brand__Year Reviews,TV Reviews & Brand__Year Reviews__2026
best tv for live events 2026,TV Models,TV Models__Sports TVs,TV Reviews & Brand,TV Reviews & Brand__Best Of,TV Reviews & Brand__Year Reviews,TV Reviews & Brand__Year Reviews__2026
best tv for living room,TV Reviews & Brand,TV Reviews & Brand__Best Of
best tv for rugby 2026,TV Models,TV Models__Sports TVs,TV Reviews & Brand,TV Reviews & Brand__Best Of,TV Reviews & Brand__Year Reviews,TV Reviews & Brand__Year Reviews__2026
best tv for small apartment,TV Reviews & Brand,TV Reviews & Brand__Best Of
best tv for soccer World Cup 2026,TV Models,TV Models__Sports TVs,TV Reviews & Brand,TV Reviews & Brand__Best Of,TV Reviews & Brand__Year Reviews,TV Reviews & Brand__Year Reviews__2026
best tv for sports and movies 2026,TV Features,TV Models,TV Models__Movies & Cinema,TV Models__Sports TVs,TV Reviews & Brand,TV Reviews & Brand__Best Of,TV Reviews & Brand__Year Reviews,TV Reviews & Brand__Year Reviews__2026
black frame insertion tv,TV Features,TV Features__Motion Handling
black level settings for gaming tv,TV Models,TV Models__Gaming TVs,TV Features,TV Features__Picture Settings
bright tvs for sports in a sunny room,TV Models,TV Models__Sports TVs,TV Features,TV Features__Brightness
can you make a glossy screen matte,TV Features,TV Features__Anti-Glare
can you make a matte screen glossy,TV Features,TV Features__Anti-Glare
can you tell the difference between 4K and 1080p at my viewing distance,TV Sizes,TV Sizes__Viewing Distance,TV Features,TV Features__Resolution
compare OLED vs QLED tvs,TV Models,TV Models__OLED,TV Models__QLED,TV Reviews & Brand,TV Reviews & Brand__Comparison
compare Samsung vs Hisense tvs,TV Reviews & Brand,TV Reviews & Brand__Comparison,TV Reviews & Brand__Brand
compare Samsung vs LG OLED tvs,TV Models,TV Models__OLED,TV Reviews & Brand,TV Reviews & Brand__Brand,TV Reviews & Brand__Comparison
compare Samsung vs LG tvs,TV Reviews & Brand,TV Reviews & Brand__Comparison,TV Reviews & Brand__Brand
compare Samsung vs Sony tvs,TV Reviews & Brand,TV Reviews & Brand__Comparison,TV Reviews & Brand__Brand
compare Samsung vs TCL tvs,TV Reviews & Brand,TV Reviews & Brand__Comparison,TV Reviews & Brand__Brand
compare Samsung vs Vizio tvs,TV Reviews & Brand,TV Reviews & Brand__Comparison,TV Reviews & Brand__Brand
compare the 2025 and 2026 Frame TV,TV Reviews & Brand,TV Reviews & Brand__Brand,TV Reviews & Brand__Brand__TV Models,TV Reviews & Brand__Brand__TV Models__The Frame,TV Reviews & Brand__Comparison,TV Reviews & Brand__Year Reviews,TV Reviews & Brand__Year Reviews__2025,TV Reviews & Brand__Year Reviews__2026
compare the different outdoor tv brands,TV Reviews & Brand,TV Reviews & Brand__Comparison,TV Models,TV Models__Outdoor TV
compare the different picture frame tvs,TV Models,TV Models__Art TV,TV Reviews & Brand,TV Reviews & Brand__Comparison
contrast settings for gaming on tv,TV Models,TV Models__Gaming TVs,TV Features,TV Features__Picture Settings
difference between game mode and standard picture mode,TV Features,TV Features__Picture Settings
difference between gaming tv and regular tv,TV Models,TV Models__Gaming TVs,TV Reviews & Brand,TV Reviews & Brand__Comparison
difference between Mini-LED and OLED displays,TV Models,TV Models__OLED,TV Models__Mini-LED,TV Reviews & Brand,TV Reviews & Brand__Comparison
difference between QLED and OLED,TV Models,TV Models__OLED,TV Models__QLED,TV Reviews & Brand,TV Reviews & Brand__Comparison
difference between smart tv and gaming tv,TV Models,TV Models__Gaming TVs,TV Models__Smart TV,TV Reviews & Brand,TV Reviews & Brand__Comparison
difference between tvs for movies and sports,TV Models,TV Models__Movies & Cinema,TV Models__Sports TVs,TV Reviews & Brand,TV Reviews & Brand__Comparison
different tv picture modes explained,TV Features,TV Features__Picture Settings
disadvantages of Micro RGB displays,TV Models,TV Models__Micro RGB
DIY tv calibration steps,TV Features,TV Features__Picture Settings
do all tvs have reflections,TV Features,TV Features__Anti-Glare
do i need 120Hz tv,TV Features,TV Features__Refresh Rate
do i need a gaming tv,TV Models,TV Models__Gaming TVs
do i need HDMI 2.1 for PS5,TV Models,TV Models__Gaming TVs,TV Features,TV Features__Connectivity
do i need HDR tv,TV Features,TV Features__HDR
do i need to calibrate my tv for gaming,TV Models,TV Models__Gaming TVs
do matte screens look dull,TV Features,TV Features__Anti-Glare
does anti-glare screen protector work for tvs,TV Features,TV Features__Anti-Glare
does filmmaker mode disable true motion,TV Models,TV Models__Movies & Cinema,TV Features,TV Features__Motion Handling
does Mini-LED have blooming,TV Models,TV Models__Mini-LED
does soap opera effect ruin movies,TV Features,TV Features__Motion Handling,TV Models,TV Models__Movies & Cinema
DU7200 reviews,TV Reviews & Brand,TV Reviews & Brand__Brand,TV Reviews & Brand__Brand TV Model Reviews,TV Reviews & Brand__Buying Guides
DU8000 reviews,TV Reviews & Brand,TV Reviews & Brand__Brand,TV Reviews & Brand__Brand TV Model Reviews,TV Reviews & Brand__Buying Guides
DU900 reviews,TV Reviews & Brand,TV Reviews & Brand__Brand,TV Reviews & Brand__Brand TV Model Reviews,TV Reviews & Brand__Buying Guides
DUX1E reviews,TV Reviews & Brand,TV Reviews & Brand__Brand,TV Reviews & Brand__Brand TV Model Reviews,TV Reviews & Brand__Buying Guides
G-Sync compatible tv for gaming,TV Features,TV Features__Input Lag,TV Features__Refresh Rate,TV Models,TV Models__Gaming TVs
gaming tv features to look for,TV Models,TV Models__Gaming TVs
gaming tv for Nintendo Switch,TV Models,TV Models__Gaming TVs
gaming tv for PS5,TV Models,TV Models__Gaming TVs
gaming tv for retro consoles,TV Models,TV Models__Gaming TVs
gaming tv for Xbox Series X,TV Models,TV Models__Gaming TVs
gaming tv setup tips,TV Models,TV Models__Gaming TVs
gaming tv with FreeSync premium,TV Features,TV Features__Input Lag,TV Features__Refresh Rate,TV Models,TV Models__Gaming TVs
HDMI input tv picture settings,TV Features,TV Features__Picture Settings
HDR gaming on tv,TV Features,TV Features__HDR,TV Models,TV Models__Gaming TVs
HDR tv explained,TV Features,TV Features__HDR
help me choose between a Samsung and an LG OLED tv,TV Models,TV Models__OLED,TV Reviews & Brand,TV Reviews & Brand__Brand,TV Reviews & Brand__Comparison
help me choose between a Sony and a Samsung tv,TV Reviews & Brand,TV Reviews & Brand__Comparison,TV Reviews & Brand__Brand
help me choose between an OLED and a QLED tv,TV Models,TV Models__OLED,TV Models__QLED,TV Reviews & Brand,TV Reviews & Brand__Comparison
help me choose the best tv under $1000,TV Reviews & Brand,TV Reviews & Brand__Best Of,TV Reviews & Brand__Comparison,TV Reviews & Brand__Deals
help me choose the biggest tv for a small living room,TV Reviews & Brand,TV Reviews & Brand__Comparison
how do Micro RGB tvs work,TV Models,TV Models__Micro RGB,TV Reviews & Brand
how do QLED tvs work,TV Models,TV Models__QLED
How do you choose the right size TV?,TV Sizes,TV Sizes__Viewing Distance
how does OLED display technology work,TV Models,TV Models__OLED
how does quantum dot technology work in tvs,TV Models,TV Models__QLED
How does TV AI upscaling work?,TV Features,TV Features__Resolution,TV Features__AI
how long do QLED tvs last,TV Models,TV Models__QLED
How much should I spend on a good 75-inch TV?,TV Sizes,TV Sizes__Large Size
how to calibrate QLED tv,TV Models,TV Models__QLED
how to get cinematic viewing experience at home,TV Models,TV Models__Movies & Cinema
how to get rid of the soap opera look,TV Features,TV Features__Motion Handling
how to optimize tv for gaming,TV Models,TV Models__Gaming TVs
how to reduce tv input lag,TV Features,TV Features__Input Lag,TV Models,TV Models__Gaming TVs
how to reset tv picture settings,TV Features,TV Features__Picture Settings
how to set up a new smart tv,TV Models,TV Models__Smart TV
how to turn off motion smoothing on tv,TV Features,TV Features__Motion Handling
impact of direct sunlight on tv viewing,TV Features,TV Features__Anti-Glare
is a glossy or matte tv screen better for reflections,TV Features,TV Features__Anti-Glare
is a Mini-LED tv better than LED,TV Models,TV Models__Mini-LED,TV Reviews & Brand,TV Reviews & Brand__Comparison
Is AI upscaling TV worth it?,TV Features,TV Features__AI,TV Features__Resolution,TV Reviews & Brand,TV Reviews & Brand__Buying Guides
is Crystal UHD better than OLED,TV Features,TV Features__Resolution,TV Features__Resolution__4K,TV Models,TV Models__OLED,TV Reviews & Brand,TV Reviews & Brand__Brand,TV Reviews & Brand__Brand__TV Models,TV Reviews & Brand__Brand__TV Models__Crystal UHD
is edge-lit LED outdated,TV Features,TV Features__Panel Technology
Is it worth buying a 98 inch TV?,TV Reviews & Brand,TV Reviews & Brand__Buying Guides,TV Sizes,TV Sizes__Super Size
is Mini-LED worth it,TV Models,TV Models__Mini-LED,TV Reviews & Brand,TV Reviews & Brand__Buying Guides
is Mini-LED better than OLED,TV Models,TV Models__Mini-LED,TV Models__OLED,TV Reviews & Brand,TV Reviews & Brand__Comparison
is OLED better than QLED,TV Models,TV Models__OLED,TV Models__QLED,TV Reviews & Brand,TV Reviews & Brand__Comparison
is OLED good for competitive gaming,TV Models,TV Models__OLED,TV Models__Gaming TVs
is OLED good for sports,TV Models,TV Models__OLED,TV Models__Sports TVs
is OLED worth the extra cost over Mini-LED,TV Models,TV Models__Mini-LED,TV Models__OLED,TV Reviews & Brand,TV Reviews & Brand__Comparison
is QLED better than LED tv,TV Models,TV Models__QLED,TV Reviews & Brand,TV Reviews & Brand__Comparison
is QLED better than Mini-LED,TV Models,TV Models__Mini-LED,TV Models__QLED,TV Reviews & Brand,TV Reviews & Brand__Comparison
is QLED good for movies,TV Models,TV Models__QLED,TV Models__Movies & Cinema
largest gaming tvs,TV Models,TV Models__Gaming TVs,TV Sizes
latest QLED tv technology advancements,TV Models,TV Models__QLED
M70H reviews,TV Reviews & Brand,TV Reviews & Brand__Brand,TV Reviews & Brand__Brand TV Model Reviews,TV Reviews & Brand__Buying Guides
M80H reviews,TV Reviews & Brand,TV Reviews & Brand__Brand,TV Reviews & Brand__Brand TV Model Reviews,TV Reviews & Brand__Buying Guides
M90H reviews,TV Reviews & Brand,TV Reviews & Brand__Brand,TV Reviews & Brand__Brand TV Model Reviews,TV Reviews & Brand__Buying Guides
matte screen anti-glare coating,TV Features,TV Features__Anti-Glare
matte screen benefits and drawbacks,TV Features,TV Features__Anti-Glare
Micro RGB tv black levels,TV Models,TV Models__Micro RGB,TV Reviews & Brand
Micro RGB tv brightness,TV Features,TV Features__Brightness,TV Models,TV Models__Micro RGB,TV Reviews & Brand
Micro RGB tv color accuracy,TV Models,TV Models__Micro RGB,TV Reviews & Brand
Micro RGB tv for gaming,TV Models,TV Models__Gaming TVs,TV Models__Micro RGB,TV Reviews & Brand
Micro RGB tv lifespan,TV Models,TV Models__Micro RGB,TV Reviews & Brand
Micro RGB tv price,TV Models,TV Models__Micro RGB,TV Reviews & Brand
Micro RGB vs OLED tvs,TV Models,TV Models__Micro RGB,TV Models__OLED,TV Reviews & Brand,TV Reviews & Brand__Comparison
MicroLED tv price prediction,TV Models,TV Models__Micro RGB
Mini-LED tv for sports review,TV Models,TV Models__Mini-LED,TV Models__Sports TVs,TV Reviews & Brand,TV Reviews & Brand__Buying Guides
Mini-LED vs OLED,TV Models,TV Models__Mini-LED,TV Models__OLED,TV Reviews & Brand,TV Reviews & Brand__Comparison
Mini-LED vs QLED,TV Models,TV Models__Mini-LED,TV Models__QLED,TV Reviews & Brand,TV Reviews & Brand__Comparison
Mini-LED local dimming zones,TV Models,TV Models__Mini-LED
Mini-LED tv benefits and drawbacks,TV Models,TV Models__Mini-LED
Mini-LED tv explained,TV Models,TV Models__Mini-LED
Mini-LED tv gaming performance,TV Models,TV Models__Mini-LED,TV Models__Gaming TVs
Mini-LED tv price difference,TV Models,TV Models__Mini-LED
Neo QLED,TV Reviews & Brand,TV Reviews & Brand__Brand,TV Reviews & Brand__Brand__TV Models,TV Reviews & Brand__Brand__TV Models__Neo QLED
Neo QLED vs OLED,TV Models,TV Models__OLED,TV Reviews & Brand,TV Reviews & Brand__Brand,TV Reviews & Brand__Brand__TV Models,TV Reviews & Brand__Brand__TV Models__Neo QLED,TV Reviews & Brand__Comparison
new smart tv operating systems,TV Models,TV Models__Smart TV
new tv backlight technology,TV Features,TV Features__Picture Settings,TV Features__Panel Technology
new tv refresh rate technologies,TV Features,TV Features__Refresh Rate
next generation tv display types,TV Features,TV Features__Panel Technology
nits tv brightness explained,TV Features,TV Features__Brightness
OLED burn-in risk for gaming,TV Models,TV Models__OLED,TV Models__Gaming TVs
OLED tv for gaming,TV Models,TV Models__OLED,TV Models__Gaming TVs
optimal color settings for gaming tv,TV Models,TV Models__Gaming TVs,TV Features,TV Features__Picture Settings
optimal gamma settings for gaming tv,TV Models,TV Models__Gaming TVs,TV Features,TV Features__Picture Settings
optimal screen size for a bedroom tv,TV Sizes,TV Sizes__Viewing Distance
optimal viewing distance for tv,TV Sizes,TV Sizes__Viewing Distance
projector screen size calculator based on throw distance,TV Sizes,TV Sizes__Viewing Distance
Q6F reviews,TV Reviews & Brand,TV Reviews & Brand__Brand,TV Reviews & Brand__Brand TV Model Reviews,TV Reviews & Brand__Buying Guides
Q7F reviews,TV Reviews & Brand,TV Reviews & Brand__Brand,TV Reviews & Brand__Brand TV Model Reviews,TV Reviews & Brand__Buying Guides
Q8F reviews,TV Reviews & Brand,TV Reviews & Brand__Brand,TV Reviews & Brand__Brand TV Model Reviews,TV Reviews & Brand__Buying Guides
QE1D reviews,TV Reviews & Brand,TV Reviews & Brand__Brand,TV Reviews & Brand__Brand TV Model Reviews,TV Reviews & Brand__Buying Guides
QEF1 reviews,TV Reviews & Brand,TV Reviews & Brand__Brand,TV Reviews & Brand__Brand TV Model Reviews,TV Reviews & Brand__Buying Guides
QLED tv benefits and drawbacks,TV Models,TV Models__QLED
QLED tv black levels,TV Models,TV Models__QLED
QLED tv burn-in risk,TV Models,TV Models__QLED
QLED tv color accuracy,TV Models,TV Models__QLED
QLED tv contrast ratio,TV Models,TV Models__QLED
QLED tv energy consumption,TV Models,TV Models__QLED
QLED tv for gaming performance,TV Models,TV Models__QLED,TV Models__Gaming TVs
QLED tv for home theater,TV Models,TV Models__QLED,TV Models__Movies & Cinema
QLED tv manufacturers,TV Models,TV Models__QLED
QLED tv operating system,TV Models,TV Models__QLED
QLED tv price range,TV Models,TV Models__QLED
QLED tv screen uniformity,TV Models,TV Models__QLED
QN1EF reviews,TV Reviews & Brand,TV Reviews & Brand__Brand,TV Reviews & Brand__Brand TV Model Reviews,TV Reviews & Brand__Buying Guides
QN1EH reviews,TV Reviews & Brand,TV Reviews & Brand__Brand,TV Reviews & Brand__Brand TV Model Reviews,TV Reviews & Brand__Buying Guides
QN70F reviews,TV Reviews & Brand,TV Reviews & Brand__Brand,TV Reviews & Brand__Brand TV Model Reviews,TV Reviews & Brand__Buying Guides
QN70H reviews,TV Reviews & Brand,TV Reviews & Brand__Brand,TV Reviews & Brand__Brand TV Model Reviews,TV Reviews & Brand__Buying Guides
QN80F reviews,TV Reviews & Brand,TV Reviews & Brand__Brand,TV Reviews & Brand__Brand TV Model Reviews,TV Reviews & Brand__Buying Guides
QN80H reviews,TV Reviews & Brand,TV Reviews & Brand__Brand,TV Reviews & Brand__Brand TV Model Reviews,TV Reviews & Brand__Buying Guides
QN900F reviews,TV Reviews & Brand,TV Reviews & Brand__Brand,TV Reviews & Brand__Brand TV Model Reviews,TV Reviews & Brand__Buying Guides
QN90D reviews,TV Reviews & Brand,TV Reviews & Brand__Brand,TV Reviews & Brand__Brand TV Model Reviews,TV Reviews & Brand__Buying Guides
QN990F reviews,TV Reviews & Brand,TV Reviews & Brand__Brand,TV Reviews & Brand__Brand TV Model Reviews,TV Reviews & Brand__Buying Guides
QN990H reviews,TV Reviews & Brand,TV Reviews & Brand__Brand,TV Reviews & Brand__Brand TV Model Reviews,TV Reviews & Brand__Buying Guides
R85H reviews,TV Reviews & Brand,TV Reviews & Brand__Brand,TV Reviews & Brand__Brand TV Model Reviews,TV Reviews & Brand__Buying Guides
R95H reviews,TV Reviews & Brand,TV Reviews & Brand__Brand,TV Reviews & Brand__Brand TV Model Reviews,TV Reviews & Brand__Buying Guides
reviews of Samsung Frame TV,TV Reviews & Brand,TV Reviews & Brand__Brand,TV Reviews & Brand__Brand__TV Models,TV Reviews & Brand__Brand__TV Models__The Frame,TV Reviews & Brand__Buying Guides
S84F reviews,TV Reviews & Brand,TV Reviews & Brand__Brand,TV Reviews & Brand__Brand TV Model Reviews,TV Reviews & Brand__Buying Guides
S84H reviews,TV Reviews & Brand,TV Reviews & Brand__Brand,TV Reviews & Brand__Brand TV Model Reviews,TV Reviews & Brand__Buying Guides
S85F reviews,TV Reviews & Brand,TV Reviews & Brand__Brand,TV Reviews & Brand__Brand TV Model Reviews,TV Reviews & Brand__Buying Guides
S85H reviews,TV Reviews & Brand,TV Reviews & Brand__Brand,TV Reviews & Brand__Brand TV Model Reviews,TV Reviews & Brand__Buying Guides
S90D reviews,TV Reviews & Brand,TV Reviews & Brand__Brand,TV Reviews & Brand__Brand TV Model Reviews,TV Reviews & Brand__Buying Guides
S90F reviews,TV Reviews & Brand,TV Reviews & Brand__Brand,TV Reviews & Brand__Brand TV Model Reviews,TV Reviews & Brand__Buying Guides
S90H reviews,TV Reviews & Brand,TV Reviews & Brand__Brand,TV Reviews & Brand__Brand TV Model Reviews,TV Reviews & Brand__Buying Guides
S95D reviews,TV Reviews & Brand,TV Reviews & Brand__Brand,TV Reviews & Brand__Brand TV Model Reviews,TV Reviews & Brand__Buying Guides
S95F reviews,TV Reviews & Brand,TV Reviews & Brand__Brand,TV Reviews & Brand__Brand TV Model Reviews,TV Reviews & Brand__Buying Guides
S95F vs G5,TV Reviews & Brand,TV Reviews & Brand__Brand,TV Reviews & Brand__Comparison
S95F vs S95H,TV Reviews & Brand,TV Reviews & Brand__Brand,TV Reviews & Brand__Comparison
S95H reviews,TV Reviews & Brand,TV Reviews & Brand__Brand,TV Reviews & Brand__Brand TV Model Reviews,TV Reviews & Brand__Buying Guides
S95H vs G6,TV Reviews & Brand,TV Reviews & Brand__Brand,TV Reviews & Brand__Comparison
Samsung AI tv,TV Reviews & Brand,TV Reviews & Brand__Brand,TV Reviews & Brand__Brand__TV Features,TV Reviews & Brand__Brand__TV Features__AI
Samsung Bixby reviews,TV Reviews & Brand,TV Reviews & Brand__Brand,TV Reviews & Brand__Brand__TV Features,TV Reviews & Brand__Brand__TV Features__Smart Features,TV Reviews & Brand__Buying Guides
Samsung Crystal UHD reviews,TV Reviews & Brand,TV Reviews & Brand__Brand,TV Reviews & Brand__Brand__TV Models,TV Reviews & Brand__Brand__TV Models__Crystal UHD,TV Reviews & Brand__Buying Guides
Samsung Micro RGB tv,TV Reviews & Brand,TV Reviews & Brand__Brand,TV Reviews & Brand__Brand__TV Models,TV Reviews & Brand__Brand__TV Models__Micro RGB
Samsung Micro RGB tv reviews,TV Reviews & Brand,TV Reviews & Brand__Brand,TV Reviews & Brand__Brand__TV Models,TV Reviews & Brand__Brand__TV Models__Micro RGB,TV Reviews & Brand__Buying Guides
Samsung MovingStyle reviews,TV Reviews & Brand,TV Reviews & Brand__Brand,TV Reviews & Brand__Brand__TV Models,TV Reviews & Brand__Brand__TV Models__MovingStyle,TV Reviews & Brand__Buying Guides
Samsung Neo QLED review,TV Reviews & Brand,TV Reviews & Brand__Brand,TV Reviews & Brand__Brand__TV Models,TV Reviews & Brand__Brand__TV Models__Neo QLED,TV Reviews & Brand__Buying Guides
Samsung smart tv,TV Reviews & Brand,TV Reviews & Brand__Brand,TV Reviews & Brand__Brand__TV Models,TV Reviews & Brand__Brand__TV Models__Smart TV
Samsung television reviews,TV Reviews & Brand,TV Reviews & Brand__Buying Guides,TV Reviews & Brand__Brand
Samsung The Frame Pro reviews,TV Reviews & Brand,TV Reviews & Brand__Brand,TV Reviews & Brand__Brand__TV Models,TV Reviews & Brand__Brand__TV Models__The Frame,TV Reviews & Brand__Buying Guides
Samsung TV Plus,TV Reviews & Brand,TV Reviews & Brand__Brand,TV Reviews & Brand__Brand__TV Features,TV Reviews & Brand__Brand__TV Features__Streaming
Samsung Vision AI,TV Reviews & Brand,TV Reviews & Brand__Brand,TV Reviews & Brand__Brand__TV Features,TV Reviews & Brand__Brand__TV Features__AI
Samsung Vision AI tv,TV Reviews & Brand,TV Reviews & Brand__Brand,TV Reviews & Brand__Brand__TV Features,TV Reviews & Brand__Brand__TV Features__AI
screen size and pixel density,TV Features,TV Features__Resolution,TV Sizes
screen size for living room tv,TV Sizes,TV Sizes__Viewing Distance
screen uniformity gaming tv importance,TV Models,TV Models__Gaming TVs
self-emissive display technology explained,TV Features,TV Features__Panel Technology
semi-glossy screen benefits,TV Features,TV Features__Anti-Glare
should i turn off motion smoothing,TV Features,TV Features__Motion Handling
should i wait for Micro RGB tv,TV Models,TV Models__Micro RGB
smart tv features to consider,TV Models,TV Models__Smart TV
soap opera effect explained,TV Features,TV Features__Motion Handling
tv art mode explained,TV Features,TV Features__Art Mode
tv brightness for bright room,TV Features,TV Features__Brightness,TV Features__Anti-Glare
tv brightness settings guide,TV Features,TV Features__Brightness
tv calibration settings guide,TV Features,TV Features__Picture Settings
tv connectivity options guide,TV Features,TV Features__Connectivity
tv display panel types,TV Features,TV Features__Panel Technology
tv for sports with great color accuracy,TV Models,TV Models__Sports TVs
tv for sports with minimal motion blur,TV Models,TV Models__Sports TVs,TV Features,TV Features__Motion Handling
tv for sports with minimal reflection,TV Models,TV Models__Sports TVs,TV Features,TV Features__Anti-Glare
tv for sports with upscaling,TV Models,TV Models__Sports TVs,TV Features,TV Features__Resolution
tv for sports with wide viewing angle,TV Models,TV Models__Sports TVs,TV Features,TV Features__Viewing Angles
tv motion blur fix,TV Features,TV Features__Motion Handling
tv motion smoothing explained,TV Features,TV Features__Motion Handling
tv panel types explained,TV Features,TV Features__Panel Technology
tv picture quality explained,TV Features,TV Features__Picture Settings
tv picture settings explained,TV Features,TV Features__Picture Settings
tv refresh rate explained,TV Features,TV Features__Refresh Rate
tv screen glare reduction tips,TV Features,TV Features__Anti-Glare
tv screen reflection solutions,TV Features,TV Features__Anti-Glare
tv screen types and glare reduction,TV Features,TV Features__Anti-Glare,TV Features__Panel Technology
tv settings for natural colors,TV Features,TV Features__Picture Settings
tv settings for vibrant colors,TV Features,TV Features__Picture Settings
tv size to distance ratio,TV Sizes,TV Sizes__Viewing Distance
tv voice control setup,TV Features,TV Features__Smart Features
tv with 120Hz refresh rate and HDMI 2.1,TV Features,TV Features__Refresh Rate,TV Features__Connectivity
tv with Google Assistant,TV Features,TV Features__Smart Features
tv with wide viewing angles,TV Features,TV Features__Viewing Angles
tvs with anti-reflective screen coating,TV Features,TV Features__Anti-Glare
U7900F reviews,TV Reviews & Brand,TV Reviews & Brand__Buying Guides,TV Reviews & Brand__Brand,TV Reviews & Brand__Brand TV Model Reviews
U8000F reviews,TV Reviews & Brand,TV Reviews & Brand__Buying Guides,TV Reviews & Brand__Brand,TV Reviews & Brand__Brand TV Model Reviews
U8000H reviews,TV Reviews & Brand,TV Reviews & Brand__Buying Guides,TV Reviews & Brand__Brand,TV Reviews & Brand__Brand TV Model Reviews
variable refresh rate tv,TV Features,TV Features__Refresh Rate
variable refresh rate tv explained,TV Features,TV Features__Refresh Rate
What are the best TVs for split-screen gaming?,TV Models,TV Models__Gaming TVs,TV Reviews & Brand,TV Reviews & Brand__Best Of
What are the best TVs for sports with wide viewing angles?,TV Features,TV Features__Viewing Angles,TV Models,TV Models__Sports TVs,TV Reviews & Brand,TV Reviews & Brand__Best Of
what are the best-reviewed Mini-LED tvs,TV Models,TV Models__Mini-LED,TV Reviews & Brand,TV Reviews & Brand__Best Of
what are the differences between Mini-LED and Micro RGB tvs,TV Models,TV Models__Micro RGB,TV Models__Mini-LED,TV Reviews & Brand
What are the main features of art TVs versus regular TVs?,TV Features,TV Features__Art Mode,TV Reviews & Brand,TV Reviews & Brand__Comparison
What are the most affordable 85 inch 4K TVs?,TV Features,TV Features__Resolution,TV Features__Resolution__4K,TV Reviews & Brand,TV Reviews & Brand__Affordable,TV Sizes,TV Sizes__Large Size
What are the most reliable OLED TVs for movie lovers?,TV Models,TV Models__Movies & Cinema,TV Models__OLED,TV Reviews & Brand,TV Reviews & Brand__Best Of
What are the top 4K TVs for streaming movies?,TV Features,TV Features__Resolution,TV Features__Resolution__4K,TV Features__Streaming,TV Models,TV Models__Movies & Cinema,TV Reviews & Brand,TV Reviews & Brand__Best Of
What are the top sports TVs for watching live games?,TV Features,TV Models,TV Models__Sports TVs,TV Reviews & Brand,TV Reviews & Brand__Best Of
what causes reflections on tv,TV Features,TV Features__Anti-Glare
what causes the soap opera effect,TV Features,TV Features__Motion Handling
what is 4K resolution,TV Features,TV Features__Resolution,TV Features__Resolution__4K
what is a matte finish screen,TV Features,TV Features__Anti-Glare
What is a micro RGB?,TV Models,TV Models__Micro RGB,TV Reviews & Brand
what is anti-reflection coating on tv,TV Features,TV Features__Anti-Glare
what is color temperature tv,TV Features,TV Features__Picture Settings
what is HDMI 2.1 on tv,TV Features,TV Features__Connectivity
what is HDR on tv,TV Features,TV Features__HDR
what is HDR tv settings,TV Features,TV Features__HDR,TV Features__Picture Settings
what is judder and how to fix it,TV Features,TV Features__Motion Handling
what is low latency mode on tv,TV Features,TV Features__Input Lag,TV Models,TV Models__Gaming TVs
what is Mini-LED,TV Models,TV Models__Mini-LED
what is motion interpolation,TV Features,TV Features__Motion Handling
what is Samsung Bixby,TV Reviews & Brand,TV Reviews & Brand__Brand,TV Reviews & Brand__Brand__TV Features,TV Reviews & Brand__Brand__TV Features__Smart Features
what is samsung tv plus​?,TV Reviews & Brand,TV Reviews & Brand__Brand,TV Reviews & Brand__Brand__TV Features,TV Reviews & Brand__Brand__TV Features__Streaming
what is the best 4k tv?​,TV Features,TV Features__Resolution,TV Features__Resolution__4K,TV Reviews & Brand,TV Reviews & Brand__Best Of
What is the best 75-inch TV?,TV Reviews & Brand,TV Reviews & Brand__Best Of,TV Sizes,TV Sizes__Large Size
What is the best resolution for TV?,TV Features,TV Features__Resolution,TV Reviews & Brand,TV Reviews & Brand__Best Of
what is the best smart tv​​?,TV Features,TV Models,TV Models__Smart TV,TV Reviews & Brand,TV Reviews & Brand__Best Of
What is the best TV for the money?,TV Reviews & Brand,TV Reviews & Brand__Best Of
What is the best TV for watching sports?,TV Features,TV Models,TV Models__Sports TVs,TV Reviews & Brand,TV Reviews & Brand__Best Of
what is the purpose of motion smoothing,TV Features,TV Features__Motion Handling
what is the soap opera effect and how to fix it,TV Features,TV Features__Motion Handling
what is tv anti-reflection filter,TV Features,TV Features__Anti-Glare
what is tv input lag,TV Features,TV Features__Input Lag,TV Models,TV Models__Gaming TVs
what is tv refresh rate,TV Features,TV Features__Refresh Rate
what is variable refresh rate tv,TV Features,TV Features__Refresh Rate
what resolution is 4K tv,TV Features,TV Features__Resolution,TV Features__Resolution__4K
what screen size for 10 foot viewing distance,TV Sizes,TV Sizes__Viewing Distance
what size tv do I need?,TV Sizes,TV Sizes__Viewing Distance
what tv should I buy?,TV Reviews & Brand,TV Reviews & Brand__Buying Guides
what tv size for a large room,TV Sizes,TV Sizes__Viewing Distance
What type of TV gets the best picture?,TV Reviews & Brand,TV Reviews & Brand__Best Of
when is it time to upgrade my tv,TV Reviews & Brand,TV Reviews & Brand__Buying Guides
Which 4K TVs are best for gaming?,TV Features,TV Features__Resolution,TV Features__Resolution__4K,TV Models,TV Models__Gaming TVs,TV Reviews & Brand,TV Reviews & Brand__Best Of
Which 75 inch TVs have the highest refresh rates?,TV Features,TV Features__Refresh Rate,TV Sizes,TV Sizes__Large Size
Which 85 inch TVs are best for home theater setups?,TV Models,TV Models__Movies & Cinema,TV Reviews & Brand,TV Reviews & Brand__Best Of,TV Sizes,TV Sizes__Large Size
Which 85 inch TVs offer the best sound quality out of the box?,TV Features,TV Features__Sound,TV Reviews & Brand,TV Reviews & Brand__Best Of,TV Sizes,TV Sizes__Large Size
Which art TVs can display personal photos and artworks?,TV Features,TV Features__Art Mode
Which gaming TVs have the lowest latency?,TV Features,TV Features__Input Lag,TV Models,TV Models__Gaming TVs
Which is the best TV to buy in 2026?,TV Reviews & Brand,TV Reviews & Brand__Best Of,TV Reviews & Brand__Year Reviews,TV Reviews & Brand__Year Reviews__2026
which Mini-LED tv models are best for HDR movies,TV Features,TV Features__HDR,TV Models,TV Models__Mini-LED,TV Models__Movies & Cinema,TV Reviews & Brand,TV Reviews & Brand__Best Of
which Mini-LED tvs have the brightest colors,TV Features,TV Features__Brightness,TV Models,TV Models__Mini-LED
Which OLED TVs are rated best for gamers?,TV Models,TV Models__Gaming TVs,TV Models__OLED,TV Reviews & Brand,TV Reviews & Brand__Best Of
Which OLED TVs have the highest brightness?,TV Features,TV Features__Brightness,TV Models,TV Models__OLED
which screen type is better for health,TV Features,TV Features__Panel Technology
which tvs are best for bright rooms: OLED or Mini-LED,TV Features,TV Features__Brightness,TV Models,TV Models__Mini-LED,TV Models__OLED,TV Reviews & Brand,TV Reviews & Brand__Best Of
Which TVs display art when not in use?,TV Features,TV Features__Art Mode
Which TVs have HDMI 2.1 support for gaming?,TV Features,TV Features__Connectivity,TV Models,TV Models__Gaming TVs
Which TVs offer art mode and customizable frames?,TV Features,TV Features__Art Mode
Which TVs offer both OLED and 4K resolution?,TV Features,TV Features__Resolution,TV Features__Resolution__4K,TV Models,TV Models__OLED
Which TVs support voice control and smart assistants?,TV Features,TV Features__Smart Features
white balance tv calibration,TV Features,TV Features__Picture Settings
why does my tv look like a soap opera,TV Features,TV Features__Motion Handling
